<?xml version="1.0" encoding="UTF-8"?>
<project-private xmlns="http://www.netbeans.org/ns/project-private/1">
    <data xmlns="http://www.netbeans.org/ns/make-project-private/1">
        <activeConfTypeElem>1</activeConfTypeElem>
        <activeConfIndexElem>0</activeConfIndexElem>
    </data>
    <editor-bookmarks xmlns="http://www.netbeans.org/ns/editor-bookmarks/2" lastBookmarkId="0"/>
    <open-files xmlns="http://www.netbeans.org/ns/projectui-open-files/2">
        <group>
            <file>file:/C:/Users/jaymc/Desktop/FALL2021/CIS-17A/McDonaldJohn-Paul_21FAL-CIS-17A-48591/Proj/McDonaldJohnPaul_CIS17A_48591_Project1_V3/main.cpp</file>
        </group>
    </open-files>
</project-private>
