<?xml version="1.0" encoding="UTF-8"?>
<project-private xmlns="http://www.netbeans.org/ns/project-private/1">
    <data xmlns="http://www.netbeans.org/ns/make-project-private/1">
        <activeConfTypeElem>1</activeConfTypeElem>
        <activeConfIndexElem>0</activeConfIndexElem>
    </data>
    <editor-bookmarks xmlns="http://www.netbeans.org/ns/editor-bookmarks/2" lastBookmarkId="0"/>
    <open-files xmlns="http://www.netbeans.org/ns/projectui-open-files/2">
        <group>
            <file>file:/C:/Users/jaymc/Documents/GitHub/McDonaldJohn-Paul_21FAL-CIS-17A-48591/Project%202%20McDonaldJohnPaul/McDonaldJohnPaul_Project2_Project_CodeBloat_V2/Deck.h</file>
            <file>file:/C:/Users/jaymc/Documents/GitHub/McDonaldJohn-Paul_21FAL-CIS-17A-48591/Project%202%20McDonaldJohnPaul/McDonaldJohnPaul_Project2_Project_CodeBloat_V2/Deck.cpp</file>
            <file>file:/C:/Users/jaymc/Documents/GitHub/McDonaldJohn-Paul_21FAL-CIS-17A-48591/Project%202%20McDonaldJohnPaul/McDonaldJohnPaul_Project2_Project_CodeBloat_V2/main.cpp</file>
            <file>file:/C:/Users/jaymc/Documents/GitHub/McDonaldJohn-Paul_21FAL-CIS-17A-48591/Project%202%20McDonaldJohnPaul/McDonaldJohnPaul_Project2_Project_CodeBloat_V2/Card.cpp</file>
            <file>file:/C:/Users/jaymc/Documents/GitHub/McDonaldJohn-Paul_21FAL-CIS-17A-48591/Project%202%20McDonaldJohnPaul/McDonaldJohnPaul_Project2_Project_CodeBloat_V2/Card.h</file>
        </group>
    </open-files>
</project-private>
